Name,keys
Max Cooper,藝術愛好者
Max Cooper,運動愛好者
Max Cooper,探索未知領域
Emily Clark,"交流和建立連結
"
Emily Clark,音樂
Emily Clark,科技
Emily Clark,旅行
Liam Thompson,創造力
Liam Thompson,挑戰傳統
Liam Thompson,藝術
Liam Thompson,創業
Liam Thompson,社會變革
Sophia Rodriguez,冒險和探索
Sophia Rodriguez,自然愛好者
Sophia Rodriguez,社區建設
Sophia Rodriguez,志願服務
Sophia Rodriguez,學習和成長
Ethan Parker,音樂愛好者
Ethan Parker,彈奏吉他
Ethan Parker,創作音樂
Ethan Parker,動物愛護者
Ethan Parker,參與動物保護活動
Ava Turner,廚藝愛好者
Ava Turner,探索生活的各個方面
Ava Turner,閱讀和了解不同文化背景的故事
Ava Turner,分享笑容和快樂
Ava Turner,尊重和包容每一個人
Noah Campbell,挑戰自我的精神
Noah Campbell,運動競技
Noah Campbell,數據分析和趨勢探索
Noah Campbell,成長和進步
Noah Campbell,持續學習和提升
Mia Foster,幫助他人
Mia Foster,社區服務和慈善活動
Mia Foster,心理諮詢
Mia Foster,關愛和支持
Mia Foster,創造正能量和愛
Lucas Barnes,創造力和想像力
Lucas Barnes,設計
Lucas Barnes,社會運動和改革
Lucas Barnes,啟發他人
Lucas Barnes,共同創建更美好的未來
Olivia Reed,學習和探索
Olivia Reed,科技
Olivia Reed,書法
Olivia Reed,知識的價值和貢獻
Olivia Reed,不斷學習和成長
Harper Evans,戶外運動
Harper Evans,登山
Harper Evans,攀岩
Harper Evans,科幻小說
Mason Bennett,軟體工程師
Mason Bennett,應用程式開發
Mason Bennett,吉他
Mason Bennett,歌曲創作
Isabella Gray,設計師
Isabella Gray,平面設計
Isabella Gray,插畫
Isabella Gray,美食
Jack Murphy,數據分析
Jack Murphy,旅行
Jack Murphy,文化探索
Charlotte Hayes,瑜珈
Charlotte Hayes,冥想
Charlotte Hayes,攝影
Alexander Price,音樂家
Alexander Price,吉他
Alexander Price,鋼琴
Alexander Price,動物保護
Ella Wright,網路行銷專家
Ella Wright,SEO
Ella Wright,社交媒體行銷
Ella Wright,瑜珈
Ella Wright,咖啡
Benjamin Cox,程式設計師
Benjamin Cox,桌遊
Benjamin Cox,問題解決
Lily Morgan,心理學
Lily Morgan,人類行為
Lily Morgan,情感
Lily Morgan,花草
Samuel Carter,運動科學家
Samuel Carter,健身
Samuel Carter,廚藝
Samuel Carter,烹飪